{"base_files_url": "https://raw.githubusercontent.com/ajgowans/lcd/f552054b3cd9335831a95789c0c007cf8eb1a20a/", "db_id": "ajgowans/lcd", "db_url": "https://raw.githubusercontent.com/ajgowans/lcd/db/db.json.zip", "files": {"|games/GameNWatch/Game & Watch/Crab Grab.bin": {"hash": "bd6433524e95f79b4f08d332e88366c7", "size": 1041709, "tags": [16, 17, 18, 19]}, "|games/GameNWatch/Game & Watch/Donkey Kong II.bin": {"hash": "512cdd66f497fef54573ee20b8b6e3a4", "size": 1041709, "tags": [16, 17, 18, 19]}, "|games/GameNWatch/Game & Watch/Donkey Kong Jr..bin": {"hash": "3039b5646386047612f7e7e6e24efbfe", "size": 1041709, "tags": [16, 17, 18, 19]}, "|games/GameNWatch/Game & Watch/Donkey Kong.bin": {"hash": "44f89af218233ba0827560cd11ded401", "size": 1041709, "tags": [16, 17, 18, 19]}, "|games/GameNWatch/Game & Watch/Fire Attack.bin": {"hash": "91ea59ff1b51f7eb4a0834ed7e811e34", "size": 1041709, "tags": [16, 17, 18, 19]}, "|games/GameNWatch/Game & Watch/Green House.bin": {"hash": "917794aa5009114be7038b202d021ddc", "size": 1041709, "tags": [16, 17, 18, 19]}, "|games/GameNWatch/Game & Watch/Life Boat.bin": {"hash": "57dc015422ee4dada88e932578fb9b05", "size": 1041709, "tags": [16, 17, 18, 19]}, "|games/GameNWatch/Game & Watch/Manhole.bin": {"hash": "8bc0b6a0c3349876b6e5722eba41b335", "size": 1041709, "tags": [16, 17, 18, 19]}, "|games/GameNWatch/Game & Watch/Mario Bros..bin": {"hash": "ac00133485108b781bfef8f5871dc091", "size": 1041709, "tags": [16, 17, 18, 19]}, "|games/GameNWatch/Game & Watch/Mario's Cement Factory.bin": {"hash": "96eca18e4e8476239ff279d1aaf66a79", "size": 1041709, "tags": [16, 17, 18, 19]}, "|games/GameNWatch/Game & Watch/Mickey & Donald.bin": {"hash": "1ae184a2f9f8e9be90f0cbdd3edf5055", "size": 1041709, "tags": [16, 17, 18, 19]}, "|games/GameNWatch/Game & Watch/Oil Panic.bin": {"hash": "01d331f3af1cea483be5024b16b0895d", "size": 1041709, "tags": [16, 17, 18, 19]}, "|games/GameNWatch/Game & Watch/Rain Shower.bin": {"hash": "e0b97fcfb62ed926a12b9f5f147ec042", "size": 1041709, "tags": [16, 17, 18, 19]}, "|games/GameNWatch/Game & Watch/Snoopy Tennis.bin": {"hash": "3d5c6db701f935deeb4682c3d205e74c", "size": 1041709, "tags": [16, 17, 18, 19]}, "|games/GameNWatch/Game & Watch/Spitball Sparky.bin": {"hash": "af96b23545fae825f89265df2a8a839a", "size": 1041709, "tags": [16, 17, 18, 19]}, "|games/GameNWatch/Game & Watch/Squish.bin": {"hash": "599df094716192f96be2ee5d66e6a1f0", "size": 1041709, "tags": [16, 17, 18, 19]}, "|games/GameNWatch/Game & Watch/Tropical Fish.bin": {"hash": "1c8ce9afed3b0eeba076078959b41f50", "size": 1041709, "tags": [16, 17, 18, 19]}, "|games/GameNWatch/Game & Watch/Turtle Bridge.bin": {"hash": "9bdfde19d222e5426ac34c4994a88b45", "size": 1041709, "tags": [16, 17, 18, 19]}}, "folders": {"|games": {"tags": [16]}, "|games/GameNWatch": {"tags": [16, 17]}, "|games/GameNWatch/Game & Watch": {"tags": [16, 17, 19]}}, "tag_dictionary": {"extrautilities": 19, "gamenwatch": 17, "games": 16, "gamewatch": 18}, "timestamp": 1680558662}